Monitoring Location ID,Activity Type,Activity Start Date,Activity Start Time,Activity Depth/Height Measure,Activity Depth/Height Unit,Activity Relative Depth Name,Characteristic Name,Result Value,Result Unit,Quantitation Limit,QC Reference Value,Result Measure Qualifier,Result Attribute,Sample Collection Method ID,Project ID,Local Record ID,Result Comment
PB1,Sample-Routine,3/26/2026,13:12,0.15,ft,Surface,Air Temp,17.1,deg C,,,,,Grab-MassWateR,Freshwater,,
PB2,Sample-Routine,3/26/2026,13:32,0.15,ft,Surface,Air Temp,11.6,deg C,,,,,Grab-MassWateR,Freshwater,,
RMC1,Sample-Routine,3/26/2026,12:16,0.15,ft,Surface,Air Temp,12.9,deg C,,,,,Grab-MassWateR,Freshwater,,
RMC2,Sample-Routine,3/26/2026,12:43,0.15,ft,Surface,Air Temp,17.2,deg C,,,,,Grab-MassWateR,Freshwater,,
RMC3,Sample-Routine,3/26/2026,13:50,0.15,ft,Surface,Air Temp,13.1,deg C,,,,,Grab-MassWateR,Freshwater,,
PB1,Sample-Routine,3/26/2026,13:12,0.15,ft,Surface,Water Temp,10.9,deg C,,,,,Grab-MassWateR,Freshwater,,
PB2,Sample-Routine,3/26/2026,13:32,0.15,ft,Surface,Water Temp,11.6,deg C,,,,,Grab-MassWateR,Freshwater,,
RMC1,Sample-Routine,3/26/2026,12:16,0.15,ft,Surface,Water Temp,9.9,deg C,,,,,Grab-MassWateR,Freshwater,,
RMC2,Sample-Routine,3/26/2026,12:43,0.15,ft,Surface,Water Temp,9.9,deg C,,,,,Grab-MassWateR,Freshwater,,
RMC3,Sample-Routine,3/26/2026,13:50,0.15,ft,Surface,Water Temp,10.6,deg C,,,,,Grab-MassWateR,Freshwater,,
PB1,Sample-Routine,3/26/2026,13:12,0.15,ft,Surface,DO,9.63,mg/l,,,,,Grab-MassWateR,Freshwater,,
PB2,Sample-Routine,3/26/2026,13:32,0.15,ft,Surface,DO,9.96,mg/l,,,,,Grab-MassWateR,Freshwater,,
RMC1,Sample-Routine,3/26/2026,12:16,0.15,ft,Surface,DO,10.35,mg/l,,,,,Grab-MassWateR,Freshwater,,
RMC2,Sample-Routine,3/26/2026,12:43,0.15,ft,Surface,DO,9.73,mg/l,,,,,Grab-MassWateR,Freshwater,,
RMC3,Sample-Routine,3/26/2026,13:50,0.15,ft,Surface,DO,10.18,mg/l,,,,,Grab-MassWateR,Freshwater,,
PB1,Sample-Routine,3/26/2026,13:12,0.15,ft,Surface,DO saturation,88,%,,,,,Grab-MassWateR,Freshwater,,
PB2,Sample-Routine,3/26/2026,13:32,0.15,ft,Surface,DO saturation,91,%,,,,,Grab-MassWateR,Freshwater,,
RMC1,Sample-Routine,3/26/2026,12:16,0.15,ft,Surface,DO saturation,91,%,,,,,Grab-MassWateR,Freshwater,,
RMC2,Sample-Routine,3/26/2026,12:43,0.15,ft,Surface,DO saturation,84,%,,,,,Grab-MassWateR,Freshwater,,
RMC3,Sample-Routine,3/26/2026,13:50,0.15,ft,Surface,DO saturation,91,%,,,,,Grab-MassWateR,Freshwater,,
PB1,Sample-Routine,3/26/2026,13:12,0.15,ft,Surface,pH,6.84,None,,,,,Grab-MassWateR,Freshwater,,
PB2,Sample-Routine,3/26/2026,13:32,0.15,ft,Surface,pH,6.93,None,,,,,Grab-MassWateR,Freshwater,,
RMC1,Sample-Routine,3/26/2026,12:16,0.15,ft,Surface,pH,6.73,None,,,,,Grab-MassWateR,Freshwater,,
RMC2,Sample-Routine,3/26/2026,12:43,0.15,ft,Surface,pH,6.39,None,,,,,Grab-MassWateR,Freshwater,,
RMC3,Sample-Routine,3/26/2026,13:50,0.15,ft,Surface,pH,7.05,None,,,,,Grab-MassWateR,Freshwater,,
PB1,Sample-Routine,3/26/2026,13:12,0.15,ft,Surface,Conductivity,246,mS/cm,,,,,Grab-MassWateR,Freshwater,,
PB2,Sample-Routine,3/26/2026,13:32,0.15,ft,Surface,Conductivity,242,mS/cm,,,,,Grab-MassWateR,Freshwater,,
RMC1,Sample-Routine,3/26/2026,12:16,0.15,ft,Surface,Conductivity,253,mS/cm,,,,,Grab-MassWateR,Freshwater,,
RMC2,Sample-Routine,3/26/2026,12:43,0.15,ft,Surface,Conductivity,211,mS/cm,,,,,Grab-MassWateR,Freshwater,,
RMC3,Sample-Routine,3/26/2026,13:50,0.15,ft,Surface,Conductivity,200,mS/cm,,,,,Grab-MassWateR,Freshwater,,
PB1,Sample-Routine,3/26/2026,13:12,0.15,ft,Surface,Salinity,0.12,PSU,,,,,Grab-MassWateR,Freshwater,,
PB2,Sample-Routine,3/26/2026,13:32,0.15,ft,Surface,Salinity,0.12,PSU,,,,,Grab-MassWateR,Freshwater,,
RMC1,Sample-Routine,3/26/2026,12:16,0.15,ft,Surface,Salinity,0.12,PSU,,,,,Grab-MassWateR,Freshwater,,
RMC2,Sample-Routine,3/26/2026,12:43,0.15,ft,Surface,Salinity,0.1,PSU,,,,,Grab-MassWateR,Freshwater,,
RMC3,Sample-Routine,3/26/2026,13:50,0.15,ft,Surface,Salinity,0.1,PSU,,,,,Grab-MassWateR,Freshwater,,
PB1,Sample-Routine,3/26/2026,13:12,0.15,ft,Surface,Oxidation reducation potential (ORP),128,mV,,,,,Grab-MassWateR,Freshwater,,
PB2,Sample-Routine,3/26/2026,13:32,0.15,ft,Surface,Oxidation reducation potential (ORP),129,mV,,,,,Grab-MassWateR,Freshwater,,
RMC1,Sample-Routine,3/26/2026,12:16,0.15,ft,Surface,Oxidation reducation potential (ORP),179,mV,,,,,Grab-MassWateR,Freshwater,,
RMC2,Sample-Routine,3/26/2026,12:43,0.15,ft,Surface,Oxidation reducation potential (ORP),180,mV,,,,,Grab-MassWateR,Freshwater,,
RMC3,Sample-Routine,3/26/2026,13:50,0.15,ft,Surface,Oxidation reducation potential (ORP),168,mV,,,,,Grab-MassWateR,Freshwater,,
PB1,Sample-Routine,3/26/2026,13:12,0.15,ft,Surface,Turbidity,2.3,NTU,,,,,Grab-MassWateR,Freshwater,,
PB2,Sample-Routine,3/26/2026,13:32,0.15,ft,Surface,Turbidity,1.5,NTU,,,,,Grab-MassWateR,Freshwater,,
RMC1,Sample-Routine,3/26/2026,12:16,0.15,ft,Surface,Turbidity,2.3,NTU,,,,,Grab-MassWateR,Freshwater,,
RMC2,Sample-Routine,3/26/2026,12:43,0.15,ft,Surface,Turbidity,1.5,NTU,,,,,Grab-MassWateR,Freshwater,,
RMC3,Sample-Routine,3/26/2026,13:50,0.15,ft,Surface,Turbidity,1.8,NTU,,,,,Grab-MassWateR,Freshwater,,
PB1,Sample-Routine,3/26/2026,13:12,0.15,ft,Surface,Alkalinity,19,mg/l,,,,,Grab-MassWateR,Freshwater,,
PB2,Sample-Routine,3/26/2026,13:32,0.15,ft,Surface,Alkalinity,18,mg/l,,,,,Grab-MassWateR,Freshwater,,
RMC1,Sample-Routine,3/26/2026,12:16,0.15,ft,Surface,Alkalinity,18,mg/l,,,,,Grab-MassWateR,Freshwater,,
RMC2,Sample-Routine,3/26/2026,12:43,0.15,ft,Surface,Alkalinity,13,mg/l,,,,,Grab-MassWateR,Freshwater,,
RMC3,Sample-Routine,3/26/2026,13:50,0.15,ft,Surface,Alkalinity,5,mg/l,,,,,Grab-MassWateR,Freshwater,,
PB1,Sample-Routine,3/26/2026,13:12,0.15,ft,Surface,Ammonia,0,mg/l,,,,,Grab-MassWateR,Freshwater,,
PB2,Sample-Routine,3/26/2026,13:32,0.15,ft,Surface,Ammonia,0.02,mg/l,,,,,Grab-MassWateR,Freshwater,,
RMC1,Sample-Routine,3/26/2026,12:16,0.15,ft,Surface,Ammonia,0.03,mg/l,,,,,Grab-MassWateR,Freshwater,,
RMC2,Sample-Routine,3/26/2026,12:43,0.15,ft,Surface,Ammonia,0.01,mg/l,,,,,Grab-MassWateR,Freshwater,,
RMC3,Sample-Routine,3/26/2026,13:50,0.15,ft,Surface,Ammonia,0.08,mg/l,,,,,Grab-MassWateR,Freshwater,,
PB1,Sample-Routine,3/26/2026,13:12,0.15,ft,Surface,Nitrate ,2.3,mg/l,,,,,Grab-MassWateR,Freshwater,,
PB2,Sample-Routine,3/26/2026,13:32,0.15,ft,Surface,Nitrate ,2.4,mg/l,,,,,Grab-MassWateR,Freshwater,,
RMC1,Sample-Routine,3/26/2026,12:16,0.15,ft,Surface,Nitrate ,2.1,mg/l,,,,,Grab-MassWateR,Freshwater,,
RMC2,Sample-Routine,3/26/2026,12:43,0.15,ft,Surface,Nitrate ,1.7,mg/l,,,,,Grab-MassWateR,Freshwater,,
RMC3,Sample-Routine,3/26/2026,13:50,0.15,ft,Surface,Nitrate ,1.3,mg/l,,,,,Grab-MassWateR,Freshwater,,
PB1,Sample-Routine,3/26/2026,13:12,0.15,ft,Surface,Orthophosphate,0.14,mg/l,,,,,Grab-MassWateR,Freshwater,,
PB2,Sample-Routine,3/26/2026,13:32,0.15,ft,Surface,Orthophosphate,0.16,mg/l,,,,,Grab-MassWateR,Freshwater,,
RMC1,Sample-Routine,3/26/2026,12:16,0.15,ft,Surface,Orthophosphate,0.16,mg/l,,,,,Grab-MassWateR,Freshwater,,
RMC2,Sample-Routine,3/26/2026,12:43,0.15,ft,Surface,Orthophosphate,0.1,mg/l,,,,,Grab-MassWateR,Freshwater,,
RMC3,Sample-Routine,3/26/2026,13:50,0.15,ft,Surface,Orthophosphate,2.5,mg/l,,,,,Grab-MassWateR,Freshwater,,
PB1,Sample-Routine,3/26/2026,13:12,0.15,ft,Surface,Chloride,70,mg/l,,,,,Grab-MassWateR,Freshwater,,
PB2,Sample-Routine,3/26/2026,13:32,0.15,ft,Surface,Chloride,50,mg/l,,,,,Grab-MassWateR,Freshwater,,
RMC1,Sample-Routine,3/26/2026,12:16,0.15,ft,Surface,Chloride,50,mg/l,,,,,Grab-MassWateR,Freshwater,,
RMC2,Sample-Routine,3/26/2026,12:43,0.15,ft,Surface,Chloride,35,mg/l,,,,,Grab-MassWateR,Freshwater,,
RMC3,Sample-Routine,3/26/2026,13:50,0.15,ft,Surface,Chloride,70,mg/l,,,,,Grab-MassWateR,Freshwater,,
PB1,Sample-Routine,4/9/2026,12:58,0.15,ft,Surface,Air Temp,11.4,deg C,,,,,Grab-MassWateR,Freshwater,,
PB2,Sample-Routine,4/9/2026,13:36,0.15,ft,Surface,Air Temp,9.2,deg C,,,,,Grab-MassWateR,Freshwater,,
RMC1,Sample-Routine,4/9/2026,12:17,0.15,ft,Surface,Air Temp,8.7,deg C,,,,,Grab-MassWateR,Freshwater,,
RMC2,Sample-Routine,4/9/2026,12:42,0.15,ft,Surface,Air Temp,9.5,deg C,,,,,Grab-MassWateR,Freshwater,,
RMC3,Sample-Routine,4/9/2026,13:26,0.15,ft,Surface,Air Temp,8.7,deg C,,,,,Grab-MassWateR,Freshwater,,
PB1,Sample-Routine,4/9/2026,12:58,0.15,ft,Surface,Water Temp,10.9,deg C,,,,,Grab-MassWateR,Freshwater,,
PB2,Sample-Routine,4/9/2026,13:36,0.15,ft,Surface,Water Temp,11.1,deg C,,,,,Grab-MassWateR,Freshwater,,
RMC1,Sample-Routine,4/9/2026,12:17,0.15,ft,Surface,Water Temp,10,deg C,,,,,Grab-MassWateR,Freshwater,,
RMC2,Sample-Routine,4/9/2026,12:42,0.15,ft,Surface,Water Temp,9.8,deg C,,,,,Grab-MassWateR,Freshwater,,
RMC3,Sample-Routine,4/9/2026,13:26,0.15,ft,Surface,Water Temp,11.3,deg C,,,,,Grab-MassWateR,Freshwater,,
PB1,Sample-Routine,4/9/2026,12:58,0.15,ft,Surface,DO,8.96,mg/l,,,,,Grab-MassWateR,Freshwater,,
PB2,Sample-Routine,4/9/2026,13:36,0.15,ft,Surface,DO,9.13,mg/l,,,,,Grab-MassWateR,Freshwater,,
RMC1,Sample-Routine,4/9/2026,12:17,0.15,ft,Surface,DO,10.69,mg/l,,,,,Grab-MassWateR,Freshwater,,
RMC2,Sample-Routine,4/9/2026,12:42,0.15,ft,Surface,DO,6.64,mg/l,,,,,Grab-MassWateR,Freshwater,,
RMC3,Sample-Routine,4/9/2026,13:26,0.15,ft,Surface,DO,9.44,mg/l,,,,,Grab-MassWateR,Freshwater,,
PB1,Sample-Routine,4/9/2026,12:58,0.15,ft,Surface,DO saturation,118,%,,,,,Grab-MassWateR,Freshwater,,
PB2,Sample-Routine,4/9/2026,13:36,0.15,ft,Surface,DO saturation,81,%,,,,,Grab-MassWateR,Freshwater,,
RMC1,Sample-Routine,4/9/2026,12:17,0.15,ft,Surface,DO saturation,90,%,,,,,Grab-MassWateR,Freshwater,,
RMC2,Sample-Routine,4/9/2026,12:42,0.15,ft,Surface,DO saturation,58,%,,,,,Grab-MassWateR,Freshwater,,
RMC3,Sample-Routine,4/9/2026,13:26,0.15,ft,Surface,DO saturation,84,%,,,,,Grab-MassWateR,Freshwater,,
PB1,Sample-Routine,4/9/2026,12:58,0.15,ft,Surface,pH,6.86,None,,,,,Grab-MassWateR,Freshwater,,
PB2,Sample-Routine,4/9/2026,13:36,0.15,ft,Surface,pH,6.98,None,,,,,Grab-MassWateR,Freshwater,,
RMC1,Sample-Routine,4/9/2026,12:17,0.15,ft,Surface,pH,6.67,None,,,,,Grab-MassWateR,Freshwater,,
RMC2,Sample-Routine,4/9/2026,12:42,0.15,ft,Surface,pH,6.8,None,,,,,Grab-MassWateR,Freshwater,,
RMC3,Sample-Routine,4/9/2026,13:26,0.15,ft,Surface,pH,7.07,None,,,,,Grab-MassWateR,Freshwater,,
PB1,Sample-Routine,4/9/2026,12:58,0.15,ft,Surface,Conductivity,261,mS/cm,,,,,Grab-MassWateR,Freshwater,,
PB2,Sample-Routine,4/9/2026,13:36,0.15,ft,Surface,Conductivity,257,mS/cm,,,,,Grab-MassWateR,Freshwater,,
RMC1,Sample-Routine,4/9/2026,12:17,0.15,ft,Surface,Conductivity,280,mS/cm,,,,,Grab-MassWateR,Freshwater,,
RMC2,Sample-Routine,4/9/2026,12:42,0.15,ft,Surface,Conductivity,238,mS/cm,,,,,Grab-MassWateR,Freshwater,,
RMC3,Sample-Routine,4/9/2026,13:26,0.15,ft,Surface,Conductivity,228,mS/cm,,,,,Grab-MassWateR,Freshwater,,
PB1,Sample-Routine,4/9/2026,12:58,0.15,ft,Surface,Salinity,0.13,PSU,,,,,Grab-MassWateR,Freshwater,,
PB2,Sample-Routine,4/9/2026,13:36,0.15,ft,Surface,Salinity,0.12,PSU,,,,,Grab-MassWateR,Freshwater,,
RMC1,Sample-Routine,4/9/2026,12:17,0.15,ft,Surface,Salinity,0.13,PSU,,,,,Grab-MassWateR,Freshwater,,
RMC2,Sample-Routine,4/9/2026,12:42,0.15,ft,Surface,Salinity,0.11,PSU,,,,,Grab-MassWateR,Freshwater,,
RMC3,Sample-Routine,4/9/2026,13:26,0.15,ft,Surface,Salinity,0.11,PSU,,,,,Grab-MassWateR,Freshwater,,
PB1,Sample-Routine,4/9/2026,12:58,0.15,ft,Surface,Oxidation reducation potential (ORP),118,mV,,,,,Grab-MassWateR,Freshwater,,
PB2,Sample-Routine,4/9/2026,13:36,0.15,ft,Surface,Oxidation reducation potential (ORP),120,mV,,,,,Grab-MassWateR,Freshwater,,
RMC1,Sample-Routine,4/9/2026,12:17,0.15,ft,Surface,Oxidation reducation potential (ORP),202,mV,,,,,Grab-MassWateR,Freshwater,,
RMC2,Sample-Routine,4/9/2026,12:42,0.15,ft,Surface,Oxidation reducation potential (ORP),172,mV,,,,,Grab-MassWateR,Freshwater,,
RMC3,Sample-Routine,4/9/2026,13:26,0.15,ft,Surface,Oxidation reducation potential (ORP),132,mV,,,,,Grab-MassWateR,Freshwater,,
PB1,Sample-Routine,4/9/2026,12:58,0.15,ft,Surface,Turbidity,0.2,NTU,,,,,Grab-MassWateR,Freshwater,,
PB2,Sample-Routine,4/9/2026,13:36,0.15,ft,Surface,Turbidity,1,NTU,,,,,Grab-MassWateR,Freshwater,,
RMC1,Sample-Routine,4/9/2026,12:17,0.15,ft,Surface,Turbidity,0,NTU,,,,,Grab-MassWateR,Freshwater,,
RMC2,Sample-Routine,4/9/2026,12:42,0.15,ft,Surface,Turbidity,1.2,NTU,,,,,Grab-MassWateR,Freshwater,,
RMC3,Sample-Routine,4/9/2026,13:26,0.15,ft,Surface,Turbidity,0.9,NTU,,,,,Grab-MassWateR,Freshwater,,
PB1,Sample-Routine,4/9/2026,12:58,0.15,ft,Surface,Alkalinity,5,mg/l,,,,,Grab-MassWateR,Freshwater,,
PB2,Sample-Routine,4/9/2026,13:36,0.15,ft,Surface,Alkalinity,24,mg/l,,,,,Grab-MassWateR,Freshwater,,
RMC1,Sample-Routine,4/9/2026,12:17,0.15,ft,Surface,Alkalinity,23,mg/l,,,,,Grab-MassWateR,Freshwater,,
RMC2,Sample-Routine,4/9/2026,12:42,0.15,ft,Surface,Alkalinity,33,mg/l,,,,,Grab-MassWateR,Freshwater,,
RMC3,Sample-Routine,4/9/2026,13:26,0.15,ft,Surface,Alkalinity,15,mg/l,,,,,Grab-MassWateR,Freshwater,,
PB1,Sample-Routine,4/9/2026,12:58,0.15,ft,Surface,Ammonia,0.02,mg/l,,,,,Grab-MassWateR,Freshwater,,
PB2,Sample-Routine,4/9/2026,13:36,0.15,ft,Surface,Ammonia,0.05,mg/l,,,,,Grab-MassWateR,Freshwater,,
RMC1,Sample-Routine,4/9/2026,12:17,0.15,ft,Surface,Ammonia,0.02,mg/l,,,,,Grab-MassWateR,Freshwater,,
RMC2,Sample-Routine,4/9/2026,12:42,0.15,ft,Surface,Ammonia,0.09,mg/l,,,,,Grab-MassWateR,Freshwater,,
RMC3,Sample-Routine,4/9/2026,13:26,0.15,ft,Surface,Ammonia,0.06,mg/l,,,,,Grab-MassWateR,Freshwater,,
PB1,Sample-Routine,4/9/2026,12:58,0.15,ft,Surface,Nitrate ,1.5,mg/l,,,,,Grab-MassWateR,Freshwater,,
PB2,Sample-Routine,4/9/2026,13:36,0.15,ft,Surface,Nitrate ,2.2,mg/l,,,,,Grab-MassWateR,Freshwater,,
RMC1,Sample-Routine,4/9/2026,12:17,0.15,ft,Surface,Nitrate ,3.3,mg/l,,,,,Grab-MassWateR,Freshwater,,
RMC2,Sample-Routine,4/9/2026,12:42,0.15,ft,Surface,Nitrate ,0.5,mg/l,,,,,Grab-MassWateR,Freshwater,,
RMC3,Sample-Routine,4/9/2026,13:26,0.15,ft,Surface,Nitrate ,0.2,mg/l,,,,,Grab-MassWateR,Freshwater,,
PB1,Sample-Routine,4/9/2026,12:58,0.15,ft,Surface,Orthophosphate,0.18,mg/l,,,,,Grab-MassWateR,Freshwater,,
PB2,Sample-Routine,4/9/2026,13:36,0.15,ft,Surface,Orthophosphate,0.18,mg/l,,,,,Grab-MassWateR,Freshwater,,
RMC1,Sample-Routine,4/9/2026,12:17,0.15,ft,Surface,Orthophosphate,0.16,mg/l,,,,,Grab-MassWateR,Freshwater,,
RMC2,Sample-Routine,4/9/2026,12:42,0.15,ft,Surface,Orthophosphate,0.21,mg/l,,,,,Grab-MassWateR,Freshwater,,
RMC3,Sample-Routine,4/9/2026,13:26,0.15,ft,Surface,Orthophosphate,0.02,mg/l,,,,,Grab-MassWateR,Freshwater,,
PB1,Sample-Routine,4/9/2026,12:58,0.15,ft,Surface,Chloride,50,mg/l,,,,,Grab-MassWateR,Freshwater,,
PB2,Sample-Routine,4/9/2026,13:36,0.15,ft,Surface,Chloride,80,mg/l,,,,,Grab-MassWateR,Freshwater,,
RMC1,Sample-Routine,4/9/2026,12:17,0.15,ft,Surface,Chloride,100,mg/l,,,,,Grab-MassWateR,Freshwater,,
RMC2,Sample-Routine,4/9/2026,12:42,0.15,ft,Surface,Chloride,80,mg/l,,,,,Grab-MassWateR,Freshwater,,
RMC3,Sample-Routine,4/9/2026,13:26,0,ft,Surface,Chloride,50,mg/l,,,,,Grab-MassWateR,Freshwater,,
PB1,Sample-Routine,4/11/2026,13:00,0,ft,Surface,Freshwater Macroinvertebrates,9,None,,,,,Grab-MassWateR,Freshwater,,
PB2,Sample-Routine,4/11/2026,13:00,0,ft,Surface,Freshwater Macroinvertebrates,13,None,,,,,Grab-MassWateR,Freshwater,,
RMC1,Sample-Routine,4/11/2026,13:00,0,ft,Surface,Freshwater Macroinvertebrates,13,None,,,,,Grab-MassWateR,Freshwater,,
RMC2,Sample-Routine,4/11/2026,13:00,0,ft,Surface,Freshwater Macroinvertebrates,11,None,,,,,Grab-MassWateR,Freshwater,,
RMC3,Sample-Routine,4/11/2026,13:00,0,ft,Surface,Freshwater Macroinvertebrates,15,None,,,,,Grab-MassWateR,Freshwater,,
PB1,Sample-Routine,4/23/2026,12:48,0.15,ft,Surface,Air Temp,21.6,deg C,,,,,Grab-MassWateR,Freshwater,,
PB2,Sample-Routine,4/23/2026,13:00,0.15,ft,Surface,Air Temp,20.5,deg C,,,,,Grab-MassWateR,Freshwater,,
RMC1,Sample-Routine,4/23/2026,12:10,0.15,ft,Surface,Air Temp,22.9,deg C,,,,,Grab-MassWateR,Freshwater,,
RMC2,Sample-Routine,4/23/2026,12:35,0.15,ft,Surface,Air Temp,21.9,deg C,,,,,Grab-MassWateR,Freshwater,,
RMC3,Sample-Routine,4/23/2026,13:15,0.15,ft,Surface,Air Temp,15.8,deg C,,,,,Grab-MassWateR,Freshwater,,
PB1,Sample-Routine,4/23/2026,12:48,0.15,ft,Surface,Water Temp,14.4,deg C,,,,,Grab-MassWateR,Freshwater,,
PB2,Sample-Routine,4/23/2026,13:00,0.15,ft,Surface,Water Temp,14.7,deg C,,,,,Grab-MassWateR,Freshwater,,
RMC1,Sample-Routine,4/23/2026,12:10,0.15,ft,Surface,Water Temp,12.8,deg C,,,,,Grab-MassWateR,Freshwater,,
RMC2,Sample-Routine,4/23/2026,12:35,0.15,ft,Surface,Water Temp,14,deg C,,,,,Grab-MassWateR,Freshwater,,
RMC3,Sample-Routine,4/23/2026,13:15,0.15,ft,Surface,Water Temp,14.1,deg C,,,,,Grab-MassWateR,Freshwater,,
PB1,Sample-Routine,4/23/2026,12:48,0.15,ft,Surface,DO,12.17,mg/l,,,,,Grab-MassWateR,Freshwater,,
PB2,Sample-Routine,4/23/2026,13:00,0.15,ft,Surface,DO,11.51,mg/l,,,,,Grab-MassWateR,Freshwater,,
RMC1,Sample-Routine,4/23/2026,12:10,0.15,ft,Surface,DO,11.43,mg/l,,,,,Grab-MassWateR,Freshwater,,
RMC2,Sample-Routine,4/23/2026,12:35,0.15,ft,Surface,DO,9.87,mg/l,,,,,Grab-MassWateR,Freshwater,,
RMC3,Sample-Routine,4/23/2026,13:15,0.15,ft,Surface,DO,11.67,mg/l,,,,,Grab-MassWateR,Freshwater,,
PB1,Sample-Routine,4/23/2026,12:48,0.15,ft,Surface,DO saturation,119,%,,,,,Grab-MassWateR,Freshwater,,
PB2,Sample-Routine,4/23/2026,13:00,0.15,ft,Surface,DO saturation,114,%,,,,,Grab-MassWateR,Freshwater,,
RMC1,Sample-Routine,4/23/2026,12:10,0.15,ft,Surface,DO saturation,107,%,,,,,Grab-MassWateR,Freshwater,,
RMC2,Sample-Routine,4/23/2026,12:35,0.15,ft,Surface,DO saturation,93,%,,,,,Grab-MassWateR,Freshwater,,
RMC3,Sample-Routine,4/23/2026,13:15,0.15,ft,Surface,DO saturation,114,%,,,,,Grab-MassWateR,Freshwater,,
PB1,Sample-Routine,4/23/2026,12:48,0.15,ft,Surface,pH,7.01,None,,,,,Grab-MassWateR,Freshwater,,
PB2,Sample-Routine,4/23/2026,13:00,0.15,ft,Surface,pH,7.12,None,,,,,Grab-MassWateR,Freshwater,,
RMC1,Sample-Routine,4/23/2026,12:10,0.15,ft,Surface,pH,6.72,None,,,,,Grab-MassWateR,Freshwater,,
RMC2,Sample-Routine,4/23/2026,12:35,0.15,ft,Surface,pH,6.7,None,,,,,Grab-MassWateR,Freshwater,,
RMC3,Sample-Routine,4/23/2026,13:15,0.15,ft,Surface,pH,7.17,None,,,,,Grab-MassWateR,Freshwater,,
PB1,Sample-Routine,4/23/2026,12:48,0.15,ft,Surface,Conductivity,254,mS/cm,,,,,Grab-MassWateR,Freshwater,,
PB2,Sample-Routine,4/23/2026,13:00,0.15,ft,Surface,Conductivity,251,mS/cm,,,,,Grab-MassWateR,Freshwater,,
RMC1,Sample-Routine,4/23/2026,12:10,0.15,ft,Surface,Conductivity,383,mS/cm,,,,,Grab-MassWateR,Freshwater,,
RMC2,Sample-Routine,4/23/2026,12:35,0.15,ft,Surface,Conductivity,245,mS/cm,,,,,Grab-MassWateR,Freshwater,,
RMC3,Sample-Routine,4/23/2026,13:15,0.15,ft,Surface,Conductivity,232,mS/cm,,,,,Grab-MassWateR,Freshwater,,
PB1,Sample-Routine,4/23/2026,12:48,0.15,ft,Surface,Salinity,0.12,PSU,,,,,Grab-MassWateR,Freshwater,,
PB2,Sample-Routine,4/23/2026,13:00,0.15,ft,Surface,Salinity,0.12,PSU,,,,,Grab-MassWateR,Freshwater,,
RMC1,Sample-Routine,4/23/2026,12:10,0.15,ft,Surface,Salinity,0.14,PSU,,,,,Grab-MassWateR,Freshwater,,
RMC2,Sample-Routine,4/23/2026,12:35,0.15,ft,Surface,Salinity,0.12,PSU,,,,,Grab-MassWateR,Freshwater,,
RMC3,Sample-Routine,4/23/2026,13:15,0.15,ft,Surface,Salinity,0.11,PSU,,,,,Grab-MassWateR,Freshwater,,
PB1,Sample-Routine,4/23/2026,12:48,0.15,ft,Surface,Oxidation reducation potential (ORP),124,mV,,,,,Grab-MassWateR,Freshwater,,
PB2,Sample-Routine,4/23/2026,13:00,0.15,ft,Surface,Oxidation reducation potential (ORP),123,mV,,,,,Grab-MassWateR,Freshwater,,
RMC1,Sample-Routine,4/23/2026,12:10,0.15,ft,Surface,Oxidation reducation potential (ORP),213,mV,,,,,Grab-MassWateR,Freshwater,,
RMC2,Sample-Routine,4/23/2026,12:35,0.15,ft,Surface,Oxidation reducation potential (ORP),152,mV,,,,,Grab-MassWateR,Freshwater,,
RMC3,Sample-Routine,4/23/2026,13:15,0.15,ft,Surface,Oxidation reducation potential (ORP),137,mV,,,,,Grab-MassWateR,Freshwater,,
PB1,Sample-Routine,4/23/2026,12:48,0.15,ft,Surface,Turbidity,0.3,NTU,,,,,Grab-MassWateR,Freshwater,,
PB2,Sample-Routine,4/23/2026,13:00,0.15,ft,Surface,Turbidity,0,NTU,,,,,Grab-MassWateR,Freshwater,,
RMC1,Sample-Routine,4/23/2026,12:10,0.15,ft,Surface,Turbidity,0.8,NTU,,,,,Grab-MassWateR,Freshwater,,
RMC2,Sample-Routine,4/23/2026,12:35,0.15,ft,Surface,Turbidity,0.3,NTU,,,,,Grab-MassWateR,Freshwater,,
RMC3,Sample-Routine,4/23/2026,13:15,0.15,ft,Surface,Turbidity,0.4,NTU,,,,,Grab-MassWateR,Freshwater,,
PB1,Sample-Routine,4/23/2026,12:48,0.15,ft,Surface,Alkalinity,24,mg/l,,,,,Grab-MassWateR,Freshwater,,
PB2,Sample-Routine,4/23/2026,13:00,0.15,ft,Surface,Alkalinity,25,mg/l,,,,,Grab-MassWateR,Freshwater,,
RMC1,Sample-Routine,4/23/2026,12:10,0.15,ft,Surface,Alkalinity,11,mg/l,,,,,Grab-MassWateR,Freshwater,,
RMC2,Sample-Routine,4/23/2026,12:35,0.15,ft,Surface,Alkalinity,23,mg/l,,,,,Grab-MassWateR,Freshwater,,
RMC3,Sample-Routine,4/23/2026,13:15,0.15,ft,Surface,Alkalinity,22,mg/l,,,,,Grab-MassWateR,Freshwater,,
PB1,Sample-Routine,4/23/2026,12:48,0.15,ft,Surface,Ammonia,0.12,mg/l,,,,,Grab-MassWateR,Freshwater,,
PB2,Sample-Routine,4/23/2026,13:00,0.15,ft,Surface,Ammonia,0.14,mg/l,,,,,Grab-MassWateR,Freshwater,,
RMC1,Sample-Routine,4/23/2026,12:10,0.15,ft,Surface,Ammonia,0.14,mg/l,,,,,Grab-MassWateR,Freshwater,,
RMC2,Sample-Routine,4/23/2026,12:35,0.15,ft,Surface,Ammonia,0.17,mg/l,,,,,Grab-MassWateR,Freshwater,,
RMC3,Sample-Routine,4/23/2026,13:15,0.15,ft,Surface,Ammonia,0.18,mg/l,,,,,Grab-MassWateR,Freshwater,,
PB1,Sample-Routine,4/23/2026,12:48,0.15,ft,Surface,Nitrate ,1.9,mg/l,,,,,Grab-MassWateR,Freshwater,,
PB2,Sample-Routine,4/23/2026,13:00,0.15,ft,Surface,Nitrate ,0.9,mg/l,,,,,Grab-MassWateR,Freshwater,,
RMC1,Sample-Routine,4/23/2026,12:10,0.15,ft,Surface,Nitrate ,2,mg/l,,,,,Grab-MassWateR,Freshwater,,
RMC2,Sample-Routine,4/23/2026,12:35,0.15,ft,Surface,Nitrate ,0.5,mg/l,,,,,Grab-MassWateR,Freshwater,,
RMC3,Sample-Routine,4/23/2026,13:15,0.15,ft,Surface,Nitrate ,1,mg/l,,,,,Grab-MassWateR,Freshwater,,
PB1,Sample-Routine,4/23/2026,12:48,0.15,ft,Surface,Orthophosphate,0.76,mg/l,,,,,Grab-MassWateR,Freshwater,,
PB2,Sample-Routine,4/23/2026,13:00,0.15,ft,Surface,Orthophosphate,0.31,mg/l,,,,,Grab-MassWateR,Freshwater,,
RMC1,Sample-Routine,4/23/2026,12:10,0.15,ft,Surface,Orthophosphate,0.09,mg/l,,,,,Grab-MassWateR,Freshwater,,
RMC2,Sample-Routine,4/23/2026,12:35,0.15,ft,Surface,Orthophosphate,0.18,mg/l,,,,,Grab-MassWateR,Freshwater,,
RMC3,Sample-Routine,4/23/2026,13:15,0.15,ft,Surface,Orthophosphate,0.16,mg/l,,,,,Grab-MassWateR,Freshwater,,
PB1,Sample-Routine,4/23/2026,12:48,0.15,ft,Surface,Chloride,60,mg/l,,,,,Grab-MassWateR,Freshwater,,
PB2,Sample-Routine,4/23/2026,13:00,0.15,ft,Surface,Chloride,50,mg/l,,,,,Grab-MassWateR,Freshwater,,
RMC1,Sample-Routine,4/23/2026,12:10,0.15,ft,Surface,Chloride,60,mg/l,,,,,Grab-MassWateR,Freshwater,,
RMC2,Sample-Routine,4/23/2026,12:35,0.15,ft,Surface,Chloride,60,mg/l,,,,,Grab-MassWateR,Freshwater,,
RMC3,Sample-Routine,4/23/2026,13:15,0.15,ft,Surface,Chloride,50,mg/l,,,,,Grab-MassWateR,Freshwater,,
PB1,Sample-Routine,5/7/2026,12:40,0.15,ft,Surface,Air Temp,18.8,deg C,,,,,Grab-MassWateR,Freshwater,,
PB2,Sample-Routine,5/7/2026,12:50,0.15,ft,Surface,Air Temp,16.8,deg C,,,,,Grab-MassWateR,Freshwater,,
RMC1,Sample-Routine,5/7/2026,12:10,0.15,ft,Surface,Air Temp,16.6,deg C,,,,,Grab-MassWateR,Freshwater,,
RMC2,Sample-Routine,5/7/2026,12:22,0.15,ft,Surface,Air Temp,17.2,deg C,,,,,Grab-MassWateR,Freshwater,,
RMC3,Sample-Routine,5/7/2026,13:05,0.15,ft,Surface,Air Temp,16.8,deg C,,,,,Grab-MassWateR,Freshwater,,
PB1,Sample-Routine,5/7/2026,12:40,0.15,ft,Surface,Water Temp,14.4,deg C,,,,,Grab-MassWateR,Freshwater,,
PB2,Sample-Routine,5/7/2026,12:50,0.15,ft,Surface,Water Temp,14.6,deg C,,,,,Grab-MassWateR,Freshwater,,
RMC1,Sample-Routine,5/7/2026,12:10,0.15,ft,Surface,Water Temp,14,deg C,,,,,Grab-MassWateR,Freshwater,,
RMC2,Sample-Routine,5/7/2026,12:22,0.15,ft,Surface,Water Temp,15.5,deg C,,,,,Grab-MassWateR,Freshwater,,
RMC3,Sample-Routine,5/7/2026,13:05,0.15,ft,Surface,Water Temp,16.4,deg C,,,,,Grab-MassWateR,Freshwater,,
PB1,Sample-Routine,5/7/2026,12:40,0.15,ft,Surface,DO,9.32,mg/l,,,,,Grab-MassWateR,Freshwater,,
PB2,Sample-Routine,5/7/2026,12:50,0.15,ft,Surface,DO,11.51,mg/l,,,,,Grab-MassWateR,Freshwater,,
RMC1,Sample-Routine,5/7/2026,12:10,0.15,ft,Surface,DO,8.58,mg/l,,,,,Grab-MassWateR,Freshwater,,
RMC2,Sample-Routine,5/7/2026,12:22,0.15,ft,Surface,DO,8.97,mg/l,,,,,Grab-MassWateR,Freshwater,,
RMC3,Sample-Routine,5/7/2026,13:05,0.15,ft,Surface,DO,11.67,mg/l,,,,,Grab-MassWateR,Freshwater,,
PB1,Sample-Routine,5/7/2026,12:40,0.15,ft,Surface,DO saturation,91,%,,,,,Grab-MassWateR,Freshwater,,
PB2,Sample-Routine,5/7/2026,12:50,0.15,ft,Surface,DO saturation,114,%,,,,,Grab-MassWateR,Freshwater,,
RMC1,Sample-Routine,5/7/2026,12:10,0.15,ft,Surface,DO saturation,83,%,,,,,Grab-MassWateR,Freshwater,,
RMC2,Sample-Routine,5/7/2026,12:22,0.15,ft,Surface,DO saturation,93,%,,,,,Grab-MassWateR,Freshwater,,
RMC3,Sample-Routine,5/7/2026,13:05,0.15,ft,Surface,DO saturation,114,%,,,,,Grab-MassWateR,Freshwater,,
PB1,Sample-Routine,5/7/2026,12:40,0.15,ft,Surface,pH,6.43,None,,,,,Grab-MassWateR,Freshwater,,
PB2,Sample-Routine,5/7/2026,12:50,0.15,ft,Surface,pH,7.12,None,,,,,Grab-MassWateR,Freshwater,,
RMC1,Sample-Routine,5/7/2026,12:10,0.15,ft,Surface,pH,6.53,None,,,,,Grab-MassWateR,Freshwater,,
RMC2,Sample-Routine,5/7/2026,12:22,0.15,ft,Surface,pH,6.85,None,,,,,Grab-MassWateR,Freshwater,,
RMC3,Sample-Routine,5/7/2026,13:05,0.15,ft,Surface,pH,7.17,None,,,,,Grab-MassWateR,Freshwater,,
PB1,Sample-Routine,5/7/2026,12:40,0.15,ft,Surface,Conductivity,224,mS/cm,,,,,Grab-MassWateR,Freshwater,,
PB2,Sample-Routine,5/7/2026,12:50,0.15,ft,Surface,Conductivity,251,mS/cm,,,,,Grab-MassWateR,Freshwater,,
RMC1,Sample-Routine,5/7/2026,12:10,0.15,ft,Surface,Conductivity,225,mS/cm,,,,,Grab-MassWateR,Freshwater,,
RMC2,Sample-Routine,5/7/2026,12:22,0.15,ft,Surface,Conductivity,242,mS/cm,,,,,Grab-MassWateR,Freshwater,,
RMC3,Sample-Routine,5/7/2026,13:05,0.15,ft,Surface,Conductivity,232,mS/cm,,,,,Grab-MassWateR,Freshwater,,
PB1,Sample-Routine,5/7/2026,12:40,0.15,ft,Surface,Salinity,0.11,PSU,,,,,Grab-MassWateR,Freshwater,,
PB2,Sample-Routine,5/7/2026,12:50,0.15,ft,Surface,Salinity,0.12,PSU,,,,,Grab-MassWateR,Freshwater,,
RMC1,Sample-Routine,5/7/2026,12:10,0.15,ft,Surface,Salinity,0.11,PSU,,,,,Grab-MassWateR,Freshwater,,
RMC2,Sample-Routine,5/7/2026,12:22,0.15,ft,Surface,Salinity,0.12,PSU,,,,,Grab-MassWateR,Freshwater,,
RMC3,Sample-Routine,5/7/2026,13:05,0.15,ft,Surface,Salinity,0.11,PSU,,,,,Grab-MassWateR,Freshwater,,
PB1,Sample-Routine,5/7/2026,12:40,0.15,ft,Surface,Oxidation reducation potential (ORP),127,mV,,,,,Grab-MassWateR,Freshwater,,
PB2,Sample-Routine,5/7/2026,12:50,0.15,ft,Surface,Oxidation reducation potential (ORP),123,mV,,,,,Grab-MassWateR,Freshwater,,
RMC1,Sample-Routine,5/7/2026,12:10,0.15,ft,Surface,Oxidation reducation potential (ORP),167,mV,,,,,Grab-MassWateR,Freshwater,,
RMC2,Sample-Routine,5/7/2026,12:22,0.15,ft,Surface,Oxidation reducation potential (ORP),148,mV,,,,,Grab-MassWateR,Freshwater,,
RMC3,Sample-Routine,5/7/2026,13:05,0.15,ft,Surface,Oxidation reducation potential (ORP),137,mV,,,,,Grab-MassWateR,Freshwater,,
PB1,Sample-Routine,5/7/2026,12:40,0.15,ft,Surface,Turbidity,3.5,NTU,,,,,Grab-MassWateR,Freshwater,,
PB2,Sample-Routine,5/7/2026,12:50,0.15,ft,Surface,Turbidity,4.6,NTU,,,,,Grab-MassWateR,Freshwater,,
RMC1,Sample-Routine,5/7/2026,12:10,0.15,ft,Surface,Turbidity,9.3,NTU,,,,,Grab-MassWateR,Freshwater,,
RMC2,Sample-Routine,5/7/2026,12:22,0.15,ft,Surface,Turbidity,0.8,NTU,,,,,Grab-MassWateR,Freshwater,,
RMC3,Sample-Routine,5/7/2026,13:05,0.15,ft,Surface,Turbidity,1.1,NTU,,,,,Grab-MassWateR,Freshwater,,
PB1,Sample-Routine,5/7/2026,12:40,0.15,ft,Surface,Alkalinity,28,mg/l,,,,,Grab-MassWateR,Freshwater,,
PB2,Sample-Routine,5/7/2026,12:50,0.15,ft,Surface,Alkalinity,28,mg/l,,,,,Grab-MassWateR,Freshwater,,
RMC1,Sample-Routine,5/7/2026,12:10,0.15,ft,Surface,Alkalinity,27,mg/l,,,,,Grab-MassWateR,Freshwater,,
RMC2,Sample-Routine,5/7/2026,12:22,0.15,ft,Surface,Alkalinity,26,mg/l,,,,,Grab-MassWateR,Freshwater,,
RMC3,Sample-Routine,5/7/2026,13:05,0.15,ft,Surface,Alkalinity,28,mg/l,,,,,Grab-MassWateR,Freshwater,,
PB1,Sample-Routine,5/7/2026,12:40,0.15,ft,Surface,Ammonia,0.52,mg/l,,,,,Grab-MassWateR,Freshwater,,
PB2,Sample-Routine,5/7/2026,12:50,0.15,ft,Surface,Ammonia,0.63,mg/l,,,,,Grab-MassWateR,Freshwater,,
RMC1,Sample-Routine,5/7/2026,12:10,0.15,ft,Surface,Ammonia,0.58,mg/l,,,,,Grab-MassWateR,Freshwater,,
RMC2,Sample-Routine,5/7/2026,12:22,0.15,ft,Surface,Ammonia,0.31,mg/l,,,,,Grab-MassWateR,Freshwater,,
RMC3,Sample-Routine,5/7/2026,13:05,0.15,ft,Surface,Ammonia,0,mg/l,,,,,Grab-MassWateR,Freshwater,,
PB1,Sample-Routine,5/7/2026,12:40,0.15,ft,Surface,Nitrate ,0,mg/l,,,,,Grab-MassWateR,Freshwater,,
PB2,Sample-Routine,5/7/2026,12:50,0.15,ft,Surface,Nitrate ,0,mg/l,,,,,Grab-MassWateR,Freshwater,,
RMC1,Sample-Routine,5/7/2026,12:10,0.15,ft,Surface,Nitrate ,0,mg/l,,,,,Grab-MassWateR,Freshwater,,
RMC2,Sample-Routine,5/7/2026,12:22,0.15,ft,Surface,Nitrate ,0.4,mg/l,,,,,Grab-MassWateR,Freshwater,,
RMC3,Sample-Routine,5/7/2026,13:05,0.15,ft,Surface,Nitrate ,0,mg/l,,,,,Grab-MassWateR,Freshwater,,
PB1,Sample-Routine,5/7/2026,12:40,0.15,ft,Surface,Orthophosphate,0.19,mg/l,,,,,Grab-MassWateR,Freshwater,,
PB2,Sample-Routine,5/7/2026,12:50,0.15,ft,Surface,Orthophosphate,0.09,mg/l,,,,,Grab-MassWateR,Freshwater,,
RMC1,Sample-Routine,5/7/2026,12:10,0.15,ft,Surface,Orthophosphate,0.09,mg/l,,,,,Grab-MassWateR,Freshwater,,
RMC2,Sample-Routine,5/7/2026,12:22,0.15,ft,Surface,Orthophosphate,0.01,mg/l,,,,,Grab-MassWateR,Freshwater,,
RMC3,Sample-Routine,5/7/2026,13:05,0.15,ft,Surface,Orthophosphate,0,mg/l,,,,,Grab-MassWateR,Freshwater,,
PB1,Sample-Routine,5/7/2026,12:40,0.15,ft,Surface,Chloride,80,mg/l,,,,,Grab-MassWateR,Freshwater,,
PB2,Sample-Routine,5/7/2026,12:50,0.15,ft,Surface,Chloride,90,mg/l,,,,,Grab-MassWateR,Freshwater,,
RMC1,Sample-Routine,5/7/2026,12:10,0.15,ft,Surface,Chloride,80,mg/l,,,,,Grab-MassWateR,Freshwater,,
RMC2,Sample-Routine,5/7/2026,12:22,0.15,ft,Surface,Chloride,60,mg/l,,,,,Grab-MassWateR,Freshwater,,
RMC3,Sample-Routine,5/7/2026,13:05,0.15,ft,Surface,Chloride,90,mg/l,,,,,Grab-MassWateR,Freshwater,,
PB1,Sample-Routine,6/4/2026,12:51,0.15,ft,Surface,Air Temp,26.8,deg C,,,,,Grab-MassWateR,Freshwater,,
PB2,Sample-Routine,6/4/2026,13:01,0.15,ft,Surface,Air Temp,20.2,deg C,,,,,Grab-MassWateR,Freshwater,,
RMC1,Sample-Routine,6/4/2026,12:08,0.15,ft,Surface,Air Temp,23.4,deg C,,,,,Grab-MassWateR,Freshwater,,
RMC2,Sample-Routine,6/4/2026,12:22,0.15,ft,Surface,Air Temp,30,deg C,,,,,Grab-MassWateR,Freshwater,,
RMC3,Sample-Routine,6/4/2026,13:15,0.15,ft,Surface,Air Temp,23.6,deg C,,,,,Grab-MassWateR,Freshwater,,
PB1,Sample-Routine,6/4/2026,12:51,0.15,ft,Surface,Water Temp,15.4,deg C,,,,,Grab-MassWateR,Freshwater,,
PB2,Sample-Routine,6/4/2026,13:01,0.15,ft,Surface,Water Temp,15.9,deg C,,,,,Grab-MassWateR,Freshwater,,
RMC1,Sample-Routine,6/4/2026,12:08,0.15,ft,Surface,Water Temp,14.8,deg C,,,,,Grab-MassWateR,Freshwater,,
RMC2,Sample-Routine,6/4/2026,12:22,0.15,ft,Surface,Water Temp,17.9,deg C,,,,,Grab-MassWateR,Freshwater,,
RMC3,Sample-Routine,6/4/2026,13:15,0.15,ft,Surface,Water Temp,18.9,deg C,,,,,Grab-MassWateR,Freshwater,,
PB1,Sample-Routine,6/4/2026,12:51,0.15,ft,Surface,DO,7.67,mg/l,,,,,Grab-MassWateR,Freshwater,,
PB2,Sample-Routine,6/4/2026,13:01,0.15,ft,Surface,DO,7.85,mg/l,,,,,Grab-MassWateR,Freshwater,,
RMC1,Sample-Routine,6/4/2026,12:08,0.15,ft,Surface,DO,6.13,mg/l,,,,,Grab-MassWateR,Freshwater,,
RMC2,Sample-Routine,6/4/2026,12:22,0.15,ft,Surface,DO,9.83,mg/l,,,,,Grab-MassWateR,Freshwater,,
RMC3,Sample-Routine,6/4/2026,13:15,0.15,ft,Surface,DO,5.07,mg/l,,,,,Grab-MassWateR,Freshwater,,
PB1,Sample-Routine,6/4/2026,12:51,0.15,ft,Surface,DO saturation,75.7,%,,,,,Grab-MassWateR,Freshwater,,
PB2,Sample-Routine,6/4/2026,13:01,0.15,ft,Surface,DO saturation,78.7,%,,,,,Grab-MassWateR,Freshwater,,
RMC1,Sample-Routine,6/4/2026,12:08,0.15,ft,Surface,DO saturation,59.9,%,,,,,Grab-MassWateR,Freshwater,,
RMC2,Sample-Routine,6/4/2026,12:22,0.15,ft,Surface,DO saturation,107.6,%,,,,,Grab-MassWateR,Freshwater,,
RMC3,Sample-Routine,6/4/2026,13:15,0.15,ft,Surface,DO saturation,53.6,%,,,,,Grab-MassWateR,Freshwater,,
PB1,Sample-Routine,6/4/2026,12:51,0.15,ft,Surface,pH,7.03,None,,,,,Grab-MassWateR,Freshwater,,
PB2,Sample-Routine,6/4/2026,13:01,0.15,ft,Surface,pH,7.3,None,,,,,Grab-MassWateR,Freshwater,,
RMC1,Sample-Routine,6/4/2026,12:08,0.15,ft,Surface,pH,6.92,None,,,,,Grab-MassWateR,Freshwater,,
RMC2,Sample-Routine,6/4/2026,12:22,0.15,ft,Surface,pH,6.8,None,,,,,Grab-MassWateR,Freshwater,,
RMC3,Sample-Routine,6/4/2026,13:15,0.15,ft,Surface,pH,6.88,None,,,,,Grab-MassWateR,Freshwater,,
PB1,Sample-Routine,6/4/2026,12:51,0.15,ft,Surface,Conductivity,239,mS/cm,,,,,Grab-MassWateR,Freshwater,,
PB2,Sample-Routine,6/4/2026,13:01,0.15,ft,Surface,Conductivity,234,mS/cm,,,,,Grab-MassWateR,Freshwater,,
RMC1,Sample-Routine,6/4/2026,12:08,0.15,ft,Surface,Conductivity,271,mS/cm,,,,,Grab-MassWateR,Freshwater,,
RMC2,Sample-Routine,6/4/2026,12:22,0.15,ft,Surface,Conductivity,195,mS/cm,,,,,Grab-MassWateR,Freshwater,,
RMC3,Sample-Routine,6/4/2026,13:15,0.15,ft,Surface,Conductivity,189,mS/cm,,,,,Grab-MassWateR,Freshwater,,
PB1,Sample-Routine,6/4/2026,12:51,0.15,ft,Surface,Salinity,0.11,PSU,,,,,Grab-MassWateR,Freshwater,,
PB2,Sample-Routine,6/4/2026,13:01,0.15,ft,Surface,Salinity,0.11,PSU,,,,,Grab-MassWateR,Freshwater,,
RMC1,Sample-Routine,6/4/2026,12:08,0.15,ft,Surface,Salinity,0.13,PSU,,,,,Grab-MassWateR,Freshwater,,
RMC2,Sample-Routine,6/4/2026,12:22,0.15,ft,Surface,Salinity,0.09,PSU,,,,,Grab-MassWateR,Freshwater,,
RMC3,Sample-Routine,6/4/2026,13:15,0.15,ft,Surface,Salinity,0.09,PSU,,,,,Grab-MassWateR,Freshwater,,
PB1,Sample-Routine,6/4/2026,12:51,0.15,ft,Surface,Oxidation reducation potential (ORP),154.3,mV,,,,,Grab-MassWateR,Freshwater,,
PB2,Sample-Routine,6/4/2026,13:01,0.15,ft,Surface,Oxidation reducation potential (ORP),220,mV,,,,,Grab-MassWateR,Freshwater,,
RMC1,Sample-Routine,6/4/2026,12:08,0.15,ft,Surface,Oxidation reducation potential (ORP),148.1,mV,,,,,Grab-MassWateR,Freshwater,,
RMC2,Sample-Routine,6/4/2026,12:22,0.15,ft,Surface,Oxidation reducation potential (ORP),166.3,mV,,,,,Grab-MassWateR,Freshwater,,
RMC3,Sample-Routine,6/4/2026,13:15,0.15,ft,Surface,Oxidation reducation potential (ORP),224.5,mV,,,,,Grab-MassWateR,Freshwater,,
PB1,Sample-Routine,6/4/2026,12:51,0.15,ft,Surface,Turbidity,6.2,NTU,,,,,Grab-MassWateR,Freshwater,,
PB2,Sample-Routine,6/4/2026,13:01,0.15,ft,Surface,Turbidity,4,NTU,,,,,Grab-MassWateR,Freshwater,,
RMC1,Sample-Routine,6/4/2026,12:08,0.15,ft,Surface,Turbidity,,NTU,,,Q,,Grab-MassWateR,Freshwater,,
RMC2,Sample-Routine,6/4/2026,12:22,0.15,ft,Surface,Turbidity,3.9,NTU,,,,,Grab-MassWateR,Freshwater,,
RMC3,Sample-Routine,6/4/2026,13:15,0.15,ft,Surface,Turbidity,6.1,NTU,,,,,Grab-MassWateR,Freshwater,,
PB1,Sample-Routine,6/4/2026,12:51,0.15,ft,Surface,Alkalinity,33,mg/l,,,,,Grab-MassWateR,Freshwater,,
PB2,Sample-Routine,6/4/2026,13:01,0.15,ft,Surface,Alkalinity,24,mg/l,,,,,Grab-MassWateR,Freshwater,,
RMC1,Sample-Routine,6/4/2026,12:08,0.15,ft,Surface,Alkalinity,35,mg/l,,,,,Grab-MassWateR,Freshwater,,
RMC2,Sample-Routine,6/4/2026,12:22,0.15,ft,Surface,Alkalinity,18,mg/l,,,,,Grab-MassWateR,Freshwater,,
RMC3,Sample-Routine,6/4/2026,13:15,0.15,ft,Surface,Alkalinity,27,mg/l,,,,,Grab-MassWateR,Freshwater,,
PB1,Sample-Routine,6/4/2026,12:51,0.15,ft,Surface,Ammonia,0.9,mg/l,,,,,Grab-MassWateR,Freshwater,,
PB2,Sample-Routine,6/4/2026,13:01,0.15,ft,Surface,Ammonia,0.08,mg/l,,,,,Grab-MassWateR,Freshwater,,
RMC1,Sample-Routine,6/4/2026,12:08,0.15,ft,Surface,Ammonia,,mg/l,,,Q,,Grab-MassWateR,Freshwater,,
RMC2,Sample-Routine,6/4/2026,12:22,0.15,ft,Surface,Ammonia,,mg/l,,,Q,,Grab-MassWateR,Freshwater,,
RMC3,Sample-Routine,6/4/2026,13:15,0.15,ft,Surface,Ammonia,,mg/l,,,Q,,Grab-MassWateR,Freshwater,,
PB1,Sample-Routine,6/4/2026,12:51,0.15,ft,Surface,Nitrate ,1.8,mg/l,,,,,Grab-MassWateR,Freshwater,,
PB2,Sample-Routine,6/4/2026,13:01,0.15,ft,Surface,Nitrate ,1.3,mg/l,,,,,Grab-MassWateR,Freshwater,,
RMC1,Sample-Routine,6/4/2026,12:08,0.15,ft,Surface,Nitrate ,3.7,mg/l,,,,,Grab-MassWateR,Freshwater,,
RMC2,Sample-Routine,6/4/2026,12:22,0.15,ft,Surface,Nitrate ,0,mg/l,,,,,Grab-MassWateR,Freshwater,,
RMC3,Sample-Routine,6/4/2026,13:15,0.15,ft,Surface,Nitrate ,0,mg/l,,,,,Grab-MassWateR,Freshwater,,
PB1,Sample-Routine,6/4/2026,12:51,0.15,ft,Surface,Orthophosphate,0.18,mg/l,,,,,Grab-MassWateR,Freshwater,,
PB2,Sample-Routine,6/4/2026,13:01,0.15,ft,Surface,Orthophosphate,0.13,mg/l,,,,,Grab-MassWateR,Freshwater,,
RMC1,Sample-Routine,6/4/2026,12:08,0.15,ft,Surface,Orthophosphate,0.15,mg/l,,,,,Grab-MassWateR,Freshwater,,
RMC2,Sample-Routine,6/4/2026,12:22,0.15,ft,Surface,Orthophosphate,0,mg/l,,,,,Grab-MassWateR,Freshwater,,
RMC3,Sample-Routine,6/4/2026,13:15,0.15,ft,Surface,Orthophosphate,0.18,mg/l,,,,,Grab-MassWateR,Freshwater,,
PB1,Sample-Routine,6/4/2026,12:51,0.15,ft,Surface,Chloride,60,mg/l,,,,,Grab-MassWateR,Freshwater,,
PB2,Sample-Routine,6/4/2026,13:01,0.15,ft,Surface,Chloride,70,mg/l,,,,,Grab-MassWateR,Freshwater,,
RMC1,Sample-Routine,6/4/2026,12:08,0.15,ft,Surface,Chloride,80,mg/l,,,,,Grab-MassWateR,Freshwater,,
RMC2,Sample-Routine,6/4/2026,12:22,0.15,ft,Surface,Chloride,50,mg/l,,,,,Grab-MassWateR,Freshwater,,
RMC3,Sample-Routine,6/4/2026,13:15,0.15,ft,Surface,Chloride,70,mg/l,,,,,Grab-MassWateR,Freshwater,,
PB1,Sample-Routine,6/17/2026,10:00,0,ft,Surface,Freshwater Macroinvertebrates,9,None,,,,,Grab-MassWateR,Freshwater,,
PB2,Sample-Routine,6/17/2026,10:00,0,ft,Surface,Freshwater Macroinvertebrates,7,None,,,,,Grab-MassWateR,Freshwater,,
RMC1,Sample-Routine,6/17/2026,10:00,0,ft,Surface,Freshwater Macroinvertebrates,10,None,,,,,Grab-MassWateR,Freshwater,,
RMC2,Sample-Routine,6/17/2026,10:00,0,ft,Surface,Freshwater Macroinvertebrates,10,None,,,,,Grab-MassWateR,Freshwater,,
RMC3,Sample-Routine,6/17/2026,10:00,0,ft,Surface,Freshwater Macroinvertebrates,15,None,,,,,Grab-MassWateR,Freshwater,,
PB1,Sample-Routine,6/18/2026,13:10,0.15,ft,Surface,Air Temp,19.5,deg C,,,,,Grab-MassWateR,Freshwater,,
PB2,Sample-Routine,6/18/2026,13:19,0.15,ft,Surface,Air Temp,19.8,deg C,,,,,Grab-MassWateR,Freshwater,,
RMC1,Sample-Routine,6/18/2026,12:22,0.15,ft,Surface,Air Temp,22.3,deg C,,,,,Grab-MassWateR,Freshwater,,
RMC2,Sample-Routine,6/18/2026,12:39,0.15,ft,Surface,Air Temp,22.2,deg C,,,,,Grab-MassWateR,Freshwater,,
RMC3,Sample-Routine,6/18/2026,13:30,0.15,ft,Surface,Air Temp,20.7,deg C,,,,,Grab-MassWateR,Freshwater,,
PB1,Sample-Routine,6/18/2026,13:10,0.15,ft,Surface,Water Temp,16.2,deg C,,,,,Grab-MassWateR,Freshwater,,
PB2,Sample-Routine,6/18/2026,13:19,0.15,ft,Surface,Water Temp,16.9,deg C,,,,,Grab-MassWateR,Freshwater,,
RMC1,Sample-Routine,6/18/2026,12:22,0.15,ft,Surface,Water Temp,17.1,deg C,,,,,Grab-MassWateR,Freshwater,,
RMC2,Sample-Routine,6/18/2026,12:39,0.15,ft,Surface,Water Temp,23,deg C,,,,,Grab-MassWateR,Freshwater,,
RMC3,Sample-Routine,6/18/2026,13:30,0.15,ft,Surface,Water Temp,21.2,deg C,,,,,Grab-MassWateR,Freshwater,,
PB1,Sample-Routine,6/18/2026,13:10,0.15,ft,Surface,DO,,mg/l,,,Q,Dry,Grab-MassWateR,Freshwater,,
PB2,Sample-Routine,6/18/2026,13:19,0.15,ft,Surface,DO,,mg/l,,,Q,Dry,Grab-MassWateR,Freshwater,,
RMC1,Sample-Routine,6/18/2026,12:22,0.15,ft,Surface,DO,,mg/l,,,Q,Dry,Grab-MassWateR,Freshwater,,
RMC2,Sample-Routine,6/18/2026,12:39,0.15,ft,Surface,DO,2,mg/l,,,,,Grab-MassWateR,Freshwater,,
RMC3,Sample-Routine,6/18/2026,13:30,0.15,ft,Surface,DO,,mg/l,,,Q,Dry,Grab-MassWateR,Freshwater,,
PB1,Sample-Routine,6/18/2026,13:10,0.15,ft,Surface,DO saturation,,%,,,Q,Dry,Grab-MassWateR,Freshwater,,
PB2,Sample-Routine,6/18/2026,13:19,0.15,ft,Surface,DO saturation,,%,,,Q,Dry,Grab-MassWateR,Freshwater,,
RMC1,Sample-Routine,6/18/2026,12:22,0.15,ft,Surface,DO saturation,,%,,,Q,Dry,Grab-MassWateR,Freshwater,,
RMC2,Sample-Routine,6/18/2026,12:39,0.15,ft,Surface,DO saturation,23.5,%,,,,,Grab-MassWateR,Freshwater,,
RMC3,Sample-Routine,6/18/2026,13:30,0.15,ft,Surface,DO saturation,,%,,,Q,Dry,Grab-MassWateR,Freshwater,,
PB1,Sample-Routine,6/18/2026,13:10,0.15,ft,Surface,pH,6.86,None,,,,,Grab-MassWateR,Freshwater,,
PB2,Sample-Routine,6/18/2026,13:19,0.15,ft,Surface,pH,7.02,None,,,,,Grab-MassWateR,Freshwater,,
RMC1,Sample-Routine,6/18/2026,12:22,0.15,ft,Surface,pH,6.8,None,,,,,Grab-MassWateR,Freshwater,,
RMC2,Sample-Routine,6/18/2026,12:39,0.15,ft,Surface,pH,6.46,None,,,,,Grab-MassWateR,Freshwater,,
RMC3,Sample-Routine,6/18/2026,13:30,0.15,ft,Surface,pH,6.88,None,,,,,Grab-MassWateR,Freshwater,,
PB1,Sample-Routine,6/18/2026,13:10,0.15,ft,Surface,Conductivity,248,mS/cm,,,,,Grab-MassWateR,Freshwater,,
PB2,Sample-Routine,6/18/2026,13:19,0.15,ft,Surface,Conductivity,246,mS/cm,,,,,Grab-MassWateR,Freshwater,,
RMC1,Sample-Routine,6/18/2026,12:22,0.15,ft,Surface,Conductivity,0,mS/cm,,,,,Grab-MassWateR,Freshwater,,
RMC2,Sample-Routine,6/18/2026,12:39,0.15,ft,Surface,Conductivity,209,mS/cm,,,,,Grab-MassWateR,Freshwater,,
RMC3,Sample-Routine,6/18/2026,13:30,0.15,ft,Surface,Conductivity,189,mS/cm,,,,,Grab-MassWateR,Freshwater,,
PB1,Sample-Routine,6/18/2026,13:10,0.15,ft,Surface,Salinity,0.12,PSU,,,,,Grab-MassWateR,Freshwater,,
PB2,Sample-Routine,6/18/2026,13:19,0.15,ft,Surface,Salinity,0.12,PSU,,,,,Grab-MassWateR,Freshwater,,
RMC1,Sample-Routine,6/18/2026,12:22,0.15,ft,Surface,Salinity,0,PSU,,,,,Grab-MassWateR,Freshwater,,
RMC2,Sample-Routine,6/18/2026,12:39,0.15,ft,Surface,Salinity,0.1,PSU,,,,,Grab-MassWateR,Freshwater,,
RMC3,Sample-Routine,6/18/2026,13:30,0.15,ft,Surface,Salinity,0.09,PSU,,,,,Grab-MassWateR,Freshwater,,
PB1,Sample-Routine,6/18/2026,13:10,0.15,ft,Surface,Oxidation reducation potential (ORP),138.9,mV,,,,,Grab-MassWateR,Freshwater,,
PB2,Sample-Routine,6/18/2026,13:19,0.15,ft,Surface,Oxidation reducation potential (ORP),158.3,mV,,,,,Grab-MassWateR,Freshwater,,
RMC1,Sample-Routine,6/18/2026,12:22,0.15,ft,Surface,Oxidation reducation potential (ORP),95.5,mV,,,,,Grab-MassWateR,Freshwater,,
RMC2,Sample-Routine,6/18/2026,12:39,0.15,ft,Surface,Oxidation reducation potential (ORP),167.9,mV,,,,,Grab-MassWateR,Freshwater,,
RMC3,Sample-Routine,6/18/2026,13:30,0.15,ft,Surface,Oxidation reducation potential (ORP),224.5,mV,,,,,Grab-MassWateR,Freshwater,,
PB1,Sample-Routine,6/18/2026,13:10,0.15,ft,Surface,Turbidity,11.4,NTU,,,,,Grab-MassWateR,Freshwater,,
PB2,Sample-Routine,6/18/2026,13:19,0.15,ft,Surface,Turbidity,6.8,NTU,,,,,Grab-MassWateR,Freshwater,,
RMC1,Sample-Routine,6/18/2026,12:22,0.15,ft,Surface,Turbidity,,NTU,,,Q,,Grab-MassWateR,Freshwater,,
RMC2,Sample-Routine,6/18/2026,12:39,0.15,ft,Surface,Turbidity,3.3,NTU,,,,,Grab-MassWateR,Freshwater,,
RMC3,Sample-Routine,6/18/2026,13:30,0.15,ft,Surface,Turbidity,6.1,NTU,,,,,Grab-MassWateR,Freshwater,,
PB1,Sample-Routine,6/18/2026,13:10,0.15,ft,Surface,Alkalinity,,mg/l,,,Q,,Grab-MassWateR,Freshwater,,
PB2,Sample-Routine,6/18/2026,13:19,0.15,ft,Surface,Alkalinity,,mg/l,,,Q,,Grab-MassWateR,Freshwater,,
RMC1,Sample-Routine,6/18/2026,12:22,0.15,ft,Surface,Alkalinity,35,mg/l,,,,,Grab-MassWateR,Freshwater,,
RMC2,Sample-Routine,6/18/2026,12:39,0.15,ft,Surface,Alkalinity,,mg/l,,,Q,,Grab-MassWateR,Freshwater,,
RMC3,Sample-Routine,6/18/2026,13:30,0.15,ft,Surface,Alkalinity,,mg/l,,,Q,,Grab-MassWateR,Freshwater,,
PB1,Sample-Routine,6/18/2026,13:10,0.15,ft,Surface,Ammonia,,mg/l,,,Q,,Grab-MassWateR,Freshwater,,
PB2,Sample-Routine,6/18/2026,13:19,0.15,ft,Surface,Ammonia,,mg/l,,,Q,,Grab-MassWateR,Freshwater,,
RMC1,Sample-Routine,6/18/2026,12:22,0.15,ft,Surface,Ammonia,,mg/l,,,Q,,Grab-MassWateR,Freshwater,,
RMC2,Sample-Routine,6/18/2026,12:39,0.15,ft,Surface,Ammonia,,mg/l,,,Q,,Grab-MassWateR,Freshwater,,
RMC3,Sample-Routine,6/18/2026,13:30,0.15,ft,Surface,Ammonia,,mg/l,,,Q,,Grab-MassWateR,Freshwater,,
PB1,Sample-Routine,6/18/2026,13:10,0.15,ft,Surface,Nitrate ,1.2,mg/l,,,,,Grab-MassWateR,Freshwater,,
PB2,Sample-Routine,6/18/2026,13:19,0.15,ft,Surface,Nitrate ,0,mg/l,,,,,Grab-MassWateR,Freshwater,,
RMC1,Sample-Routine,6/18/2026,12:22,0.15,ft,Surface,Nitrate ,0,mg/l,,,,,Grab-MassWateR,Freshwater,,
RMC2,Sample-Routine,6/18/2026,12:39,0.15,ft,Surface,Nitrate ,0,mg/l,,,,,Grab-MassWateR,Freshwater,,
RMC3,Sample-Routine,6/18/2026,13:30,0.15,ft,Surface,Nitrate ,0,mg/l,,,,,Grab-MassWateR,Freshwater,,
PB1,Sample-Routine,6/18/2026,13:10,0.15,ft,Surface,Orthophosphate,0.11,mg/l,,,,,Grab-MassWateR,Freshwater,,
PB2,Sample-Routine,6/18/2026,13:19,0.15,ft,Surface,Orthophosphate,0.2,mg/l,,,,,Grab-MassWateR,Freshwater,,
RMC1,Sample-Routine,6/18/2026,12:22,0.15,ft,Surface,Orthophosphate,0.26,mg/l,,,,,Grab-MassWateR,Freshwater,,
RMC2,Sample-Routine,6/18/2026,12:39,0.15,ft,Surface,Orthophosphate,0.13,mg/l,,,,,Grab-MassWateR,Freshwater,,
RMC3,Sample-Routine,6/18/2026,13:30,0.15,ft,Surface,Orthophosphate,0.29,mg/l,,,,,Grab-MassWateR,Freshwater,,
PB1,Sample-Routine,6/18/2026,13:10,0.15,ft,Surface,Chloride,80,mg/l,,,,,Grab-MassWateR,Freshwater,,
PB2,Sample-Routine,6/18/2026,13:19,0.15,ft,Surface,Chloride,70,mg/l,,,,,Grab-MassWateR,Freshwater,,
RMC1,Sample-Routine,6/18/2026,12:22,0.15,ft,Surface,Chloride,70,mg/l,,,,,Grab-MassWateR,Freshwater,,
RMC2,Sample-Routine,6/18/2026,12:39,0.15,ft,Surface,Chloride,60,mg/l,,,,,Grab-MassWateR,Freshwater,,
RMC3,Sample-Routine,6/18/2026,13:30,0.15,ft,Surface,Chloride,60,mg/l,,,,,Grab-MassWateR,Freshwater,,
PB1,Sample-Routine,8/13/2026,15:53,0.15,ft,Surface,Air Temp,30.8,deg C,,,,,Grab-MassWateR,Freshwater,,
PB2,Sample-Routine,8/13/2026,13:00,0.15,ft,Surface,Air Temp,30.1,deg C,,,,,Grab-MassWateR,Freshwater,,
RMC1,Sample-Routine,8/13/2026,12:19,0.15,ft,Surface,Air Temp,26.3,deg C,,,,,Grab-MassWateR,Freshwater,,
RMC2,Sample-Routine,8/13/2026,12:25,0.15,ft,Surface,Air Temp,28.2,deg C,,,,,Grab-MassWateR,Freshwater,,
RMC3,Sample-Routine,8/13/2026,13:16,0.15,ft,Surface,Air Temp,26.9,deg C,,,,,Grab-MassWateR,Freshwater,,
PB1,Sample-Routine,8/13/2026,15:53,0.15,ft,Surface,Water Temp,22.7,deg C,,,,,Grab-MassWateR,Freshwater,,
PB2,Sample-Routine,8/13/2026,13:00,0.15,ft,Surface,Water Temp,20.8,deg C,,,,,Grab-MassWateR,Freshwater,,
RMC1,Sample-Routine,8/13/2026,12:19,0.15,ft,Surface,Water Temp,20.7,deg C,,,,,Grab-MassWateR,Freshwater,,
RMC2,Sample-Routine,8/13/2026,12:25,0.15,ft,Surface,Water Temp,24.1,deg C,,,,,Grab-MassWateR,Freshwater,,
RMC3,Sample-Routine,8/13/2026,13:16,0.15,ft,Surface,Water Temp,23.8,deg C,,,,,Grab-MassWateR,Freshwater,,
PB1,Sample-Routine,8/13/2026,15:53,0.15,ft,Surface,DO,8.63,mg/l,,,,,Grab-MassWateR,Freshwater,,
PB2,Sample-Routine,8/13/2026,13:00,0.15,ft,Surface,DO,8.8,mg/l,,,,,Grab-MassWateR,Freshwater,,
RMC1,Sample-Routine,8/13/2026,12:19,0.15,ft,Surface,DO,8.77,mg/l,,,,,Grab-MassWateR,Freshwater,,
RMC2,Sample-Routine,8/13/2026,12:25,0.15,ft,Surface,DO,1.24,mg/l,,,,,Grab-MassWateR,Freshwater,,
RMC3,Sample-Routine,8/13/2026,13:16,0.15,ft,Surface,DO,5.28,mg/l,,,,,Grab-MassWateR,Freshwater,,
PB1,Sample-Routine,8/13/2026,15:53,0.15,ft,Surface,DO saturation,94.17,%,,,,,Grab-MassWateR,Freshwater,,
PB2,Sample-Routine,8/13/2026,13:00,0.15,ft,Surface,DO saturation,96.7,%,,,,,Grab-MassWateR,Freshwater,,
RMC1,Sample-Routine,8/13/2026,12:19,0.15,ft,Surface,DO saturation,98,%,,,,,Grab-MassWateR,Freshwater,,
RMC2,Sample-Routine,8/13/2026,12:25,0.15,ft,Surface,DO saturation,116.6,%,,,,,Grab-MassWateR,Freshwater,,
RMC3,Sample-Routine,8/13/2026,13:16,0.15,ft,Surface,DO saturation,61.8,%,,,,,Grab-MassWateR,Freshwater,,
PB1,Sample-Routine,8/13/2026,15:53,0.15,ft,Surface,pH,6.94,None,,,,,Grab-MassWateR,Freshwater,,
PB2,Sample-Routine,8/13/2026,13:00,0.15,ft,Surface,pH,7.02,None,,,,,Grab-MassWateR,Freshwater,,
RMC1,Sample-Routine,8/13/2026,12:19,0.15,ft,Surface,pH,6.68,None,,,,,Grab-MassWateR,Freshwater,,
RMC2,Sample-Routine,8/13/2026,12:25,0.15,ft,Surface,pH,6.95,None,,,,,Grab-MassWateR,Freshwater,,
RMC3,Sample-Routine,8/13/2026,13:16,0.15,ft,Surface,pH,6.83,None,,,,,Grab-MassWateR,Freshwater,,
PB1,Sample-Routine,8/13/2026,15:53,0.15,ft,Surface,Conductivity,257,mS/cm,,,,,Grab-MassWateR,Freshwater,,
PB2,Sample-Routine,8/13/2026,13:00,0.15,ft,Surface,Conductivity,254,mS/cm,,,,,Grab-MassWateR,Freshwater,,
RMC1,Sample-Routine,8/13/2026,12:19,0.15,ft,Surface,Conductivity,284,mS/cm,,,,,Grab-MassWateR,Freshwater,,
RMC2,Sample-Routine,8/13/2026,12:25,0.15,ft,Surface,Conductivity,243,mS/cm,,,,,Grab-MassWateR,Freshwater,,
RMC3,Sample-Routine,8/13/2026,13:16,0.15,ft,Surface,Conductivity,233,mS/cm,,,,,Grab-MassWateR,Freshwater,,
PB1,Sample-Routine,8/13/2026,15:53,0.15,ft,Surface,Salinity,0.12,PSU,,,,,Grab-MassWateR,Freshwater,,
PB2,Sample-Routine,8/13/2026,13:00,0.15,ft,Surface,Salinity,0.12,PSU,,,,,Grab-MassWateR,Freshwater,,
RMC1,Sample-Routine,8/13/2026,12:19,0.15,ft,Surface,Salinity,0.14,PSU,,,,,Grab-MassWateR,Freshwater,,
RMC2,Sample-Routine,8/13/2026,12:25,0.15,ft,Surface,Salinity,0.12,PSU,,,,,Grab-MassWateR,Freshwater,,
RMC3,Sample-Routine,8/13/2026,13:16,0.15,ft,Surface,Salinity,0.11,PSU,,,,,Grab-MassWateR,Freshwater,,
PB1,Sample-Routine,8/13/2026,15:53,0.15,ft,Surface,Oxidation reducation potential (ORP),58.3,mV,,,,,Grab-MassWateR,Freshwater,,
PB2,Sample-Routine,8/13/2026,13:00,0.15,ft,Surface,Oxidation reducation potential (ORP),75.2,mV,,,,,Grab-MassWateR,Freshwater,,
RMC1,Sample-Routine,8/13/2026,12:19,0.15,ft,Surface,Oxidation reducation potential (ORP),80.5,mV,,,,,Grab-MassWateR,Freshwater,,
RMC2,Sample-Routine,8/13/2026,12:25,0.15,ft,Surface,Oxidation reducation potential (ORP),47.3,mV,,,,,Grab-MassWateR,Freshwater,,
RMC3,Sample-Routine,8/13/2026,13:16,0.15,ft,Surface,Oxidation reducation potential (ORP),90.9,mV,,,,,Grab-MassWateR,Freshwater,,
PB1,Sample-Routine,8/13/2026,15:53,0.15,ft,Surface,Turbidity,9,NTU,,,,,Grab-MassWateR,Freshwater,,
PB2,Sample-Routine,8/13/2026,13:00,0.15,ft,Surface,Turbidity,7,NTU,,,,,Grab-MassWateR,Freshwater,,
RMC1,Sample-Routine,8/13/2026,12:19,0.15,ft,Surface,Turbidity,8.4,NTU,,,,,Grab-MassWateR,Freshwater,,
RMC2,Sample-Routine,8/13/2026,12:25,0.15,ft,Surface,Turbidity,7.5,NTU,,,,,Grab-MassWateR,Freshwater,,
RMC3,Sample-Routine,8/13/2026,13:16,0.15,ft,Surface,Turbidity,1.1,NTU,,,,,Grab-MassWateR,Freshwater,,
PB1,Sample-Routine,8/13/2026,15:53,0.15,ft,Surface,Alkalinity,33,mg/l,,,,,Grab-MassWateR,Freshwater,,
PB2,Sample-Routine,8/13/2026,13:00,0.15,ft,Surface,Alkalinity,42,mg/l,,,,,Grab-MassWateR,Freshwater,,
RMC1,Sample-Routine,8/13/2026,12:19,0.15,ft,Surface,Alkalinity,35,mg/l,,,,,Grab-MassWateR,Freshwater,,
RMC2,Sample-Routine,8/13/2026,12:25,0.15,ft,Surface,Alkalinity,37,mg/l,,,,,Grab-MassWateR,Freshwater,,
RMC3,Sample-Routine,8/13/2026,13:16,0.15,ft,Surface,Alkalinity,34,mg/l,,,,,Grab-MassWateR,Freshwater,,
PB1,Sample-Routine,8/13/2026,15:53,0.15,ft,Surface,Ammonia,0.27,mg/l,,,,,Grab-MassWateR,Freshwater,,
PB2,Sample-Routine,8/13/2026,13:00,0.15,ft,Surface,Ammonia,0.33,mg/l,,,,,Grab-MassWateR,Freshwater,,
RMC1,Sample-Routine,8/13/2026,12:19,0.15,ft,Surface,Ammonia,0.42,mg/l,,,,,Grab-MassWateR,Freshwater,,
RMC2,Sample-Routine,8/13/2026,12:25,0.15,ft,Surface,Ammonia,0.22,mg/l,,,,,Grab-MassWateR,Freshwater,,
RMC3,Sample-Routine,8/13/2026,13:16,0.15,ft,Surface,Ammonia,0.21,mg/l,,,,,Grab-MassWateR,Freshwater,,
PB1,Sample-Routine,8/13/2026,15:53,0.15,ft,Surface,Nitrate ,0,mg/l,,,,,Grab-MassWateR,Freshwater,,
PB2,Sample-Routine,8/13/2026,13:00,0.15,ft,Surface,Nitrate ,0.3,mg/l,,,,,Grab-MassWateR,Freshwater,,
RMC1,Sample-Routine,8/13/2026,12:19,0.15,ft,Surface,Nitrate ,0.7,mg/l,,,,,Grab-MassWateR,Freshwater,,
RMC2,Sample-Routine,8/13/2026,12:25,0.15,ft,Surface,Nitrate ,0,mg/l,,,,,Grab-MassWateR,Freshwater,,
RMC3,Sample-Routine,8/13/2026,13:16,0.15,ft,Surface,Nitrate ,0,mg/l,,,,,Grab-MassWateR,Freshwater,,
PB1,Sample-Routine,8/13/2026,15:53,0.15,ft,Surface,Orthophosphate,0.27,mg/l,,,,,Grab-MassWateR,Freshwater,,
PB2,Sample-Routine,8/13/2026,13:00,0.15,ft,Surface,Orthophosphate,0.38,mg/l,,,,,Grab-MassWateR,Freshwater,,
RMC1,Sample-Routine,8/13/2026,12:19,0.15,ft,Surface,Orthophosphate,0.36,mg/l,,,,,Grab-MassWateR,Freshwater,,
RMC2,Sample-Routine,8/13/2026,12:25,0.15,ft,Surface,Orthophosphate,0.06,mg/l,,,,,Grab-MassWateR,Freshwater,,
RMC3,Sample-Routine,8/13/2026,13:16,0.15,ft,Surface,Orthophosphate,0.24,mg/l,,,,,Grab-MassWateR,Freshwater,,
PB1,Sample-Routine,8/13/2026,15:53,0.15,ft,Surface,Chloride,70,mg/l,,,,,Grab-MassWateR,Freshwater,,
PB2,Sample-Routine,8/13/2026,13:00,0.15,ft,Surface,Chloride,80,mg/l,,,,,Grab-MassWateR,Freshwater,,
RMC1,Sample-Routine,8/13/2026,12:19,0.15,ft,Surface,Chloride,90,mg/l,,,,,Grab-MassWateR,Freshwater,,
RMC2,Sample-Routine,8/13/2026,12:25,0.15,ft,Surface,Chloride,90,mg/l,,,,,Grab-MassWateR,Freshwater,,
RMC3,Sample-Routine,8/13/2026,13:16,0.15,ft,Surface,Chloride,90,mg/l,,,,,Grab-MassWateR,Freshwater,,
PB1,Sample-Routine,8/27/2026,12:44,0.15,ft,Surface,Air Temp,31.8,deg C,,,,,Grab-MassWateR,,,
PB2,Sample-Routine,8/27/2026,12:54,0.15,ft,Surface,Air Temp,31.2,deg C,,,,,Grab-MassWateR,,,
RMC1,Sample-Routine,8/27/2026,12:09,0.15,ft,Surface,Air Temp,25.9,deg C,,,,,Grab-MassWateR,,,
RMC2,Sample-Routine,8/27/2026,12:24,0.15,ft,Surface,Air Temp,30.4,deg C,,,,,Grab-MassWateR,,,
RMC3,Sample-Routine,8/27/2026,13:07,0.15,ft,Surface,Air Temp,27.6,deg C,,,,,Grab-MassWateR,,,
PB1,Sample-Routine,8/27/2026,12:44,0.15,ft,Surface,Water Temp,20.7,deg C,,,,,Grab-MassWateR,,,
PB2,Sample-Routine,8/27/2026,12:54,0.15,ft,Surface,Water Temp,19.7,deg C,,,,,Grab-MassWateR,,,
RMC1,Sample-Routine,8/27/2026,12:09,0.15,ft,Surface,Water Temp,20.1,deg C,,,,,Grab-MassWateR,,,
RMC2,Sample-Routine,8/27/2026,12:24,0.15,ft,Surface,Water Temp,28,deg C,,,,,Grab-MassWateR,,,
RMC3,Sample-Routine,8/27/2026,13:07,0.15,ft,Surface,Water Temp,25,deg C,,,,,Grab-MassWateR,,,
PB1,Sample-Routine,8/27/2026,12:44,0.15,ft,Surface,DO,,mg/l,,,Q,Dry,Grab-MassWateR,,,
PB2,Sample-Routine,8/27/2026,12:54,0.15,ft,Surface,DO,62.5,mg/l,,,,,Grab-MassWateR,,,
RMC1,Sample-Routine,8/27/2026,12:09,0.15,ft,Surface,DO,9.1,mg/l,,,,,Grab-MassWateR,,,
RMC2,Sample-Routine,8/27/2026,12:24,0.15,ft,Surface,DO,13.67,mg/l,,,,,Grab-MassWateR,,,
RMC3,Sample-Routine,8/27/2026,13:07,0.15,ft,Surface,DO,6.74,mg/l,,,,,Grab-MassWateR,,,
PB1,Sample-Routine,8/27/2026,12:44,0.15,ft,Surface,DO saturation,,%,,,Q,Dry,Grab-MassWateR,,,
PB2,Sample-Routine,8/27/2026,12:54,0.15,ft,Surface,DO saturation,112.9,%,,,,,Grab-MassWateR,,,
RMC1,Sample-Routine,8/27/2026,12:09,0.15,ft,Surface,DO saturation,98,%,,,,,Grab-MassWateR,,,
RMC2,Sample-Routine,8/27/2026,12:24,0.15,ft,Surface,DO saturation,162.1,%,,,,,Grab-MassWateR,,,
RMC3,Sample-Routine,8/27/2026,13:07,0.15,ft,Surface,DO saturation,77.8,%,,,,,Grab-MassWateR,,,
PB1,Sample-Routine,8/27/2026,12:44,0.15,ft,Surface,pH,,None,,,Q,Dry,Grab-MassWateR,,,
PB2,Sample-Routine,8/27/2026,12:54,0.15,ft,Surface,pH,7.19,None,,,,,Grab-MassWateR,,,
RMC1,Sample-Routine,8/27/2026,12:09,0.15,ft,Surface,pH,6.88,None,,,,,Grab-MassWateR,,,
RMC2,Sample-Routine,8/27/2026,12:24,0.15,ft,Surface,pH,7.1,None,,,,,Grab-MassWateR,,,
RMC3,Sample-Routine,8/27/2026,13:07,0.15,ft,Surface,pH,6.88,None,,,,,Grab-MassWateR,,,
PB1,Sample-Routine,8/27/2026,12:44,0.15,ft,Surface,Conductivity,,mS/cm,,,Q,Dry,Grab-MassWateR,,,
PB2,Sample-Routine,8/27/2026,12:54,0.15,ft,Surface,Conductivity,259,mS/cm,,,,,Grab-MassWateR,,,
RMC1,Sample-Routine,8/27/2026,12:09,0.15,ft,Surface,Conductivity,303,mS/cm,,,,,Grab-MassWateR,,,
RMC2,Sample-Routine,8/27/2026,12:24,0.15,ft,Surface,Conductivity,241,mS/cm,,,,,Grab-MassWateR,,,
RMC3,Sample-Routine,8/27/2026,13:07,0.15,ft,Surface,Conductivity,235,mS/cm,,,,,Grab-MassWateR,,,
PB1,Sample-Routine,8/27/2026,12:44,0.15,ft,Surface,Salinity,,PSU,,,Q,Dry,Grab-MassWateR,,,
PB2,Sample-Routine,8/27/2026,12:54,0.15,ft,Surface,Salinity,0.12,PSU,,,,,Grab-MassWateR,,,
RMC1,Sample-Routine,8/27/2026,12:09,0.15,ft,Surface,Salinity,0.14,PSU,,,,,Grab-MassWateR,,,
RMC2,Sample-Routine,8/27/2026,12:24,0.15,ft,Surface,Salinity,0.11,PSU,,,,,Grab-MassWateR,,,
RMC3,Sample-Routine,8/27/2026,13:07,0.15,ft,Surface,Salinity,0.11,PSU,,,,,Grab-MassWateR,,,
PB1,Sample-Routine,8/27/2026,12:44,0.15,ft,Surface,Oxidation reducation potential (ORP),,mV,,,Q,Dry,Grab-MassWateR,,,
PB2,Sample-Routine,8/27/2026,12:54,0.15,ft,Surface,Oxidation reducation potential (ORP),62.5,mV,,,,,Grab-MassWateR,,,
RMC1,Sample-Routine,8/27/2026,12:09,0.15,ft,Surface,Oxidation reducation potential (ORP),69.1,mV,,,,,Grab-MassWateR,,,
RMC2,Sample-Routine,8/27/2026,12:24,0.15,ft,Surface,Oxidation reducation potential (ORP),44.2,mV,,,,,Grab-MassWateR,,,
RMC3,Sample-Routine,8/27/2026,13:07,0.15,ft,Surface,Oxidation reducation potential (ORP),88.2,mV,,,,,Grab-MassWateR,,,
PB1,Sample-Routine,8/27/2026,12:44,0.15,ft,Surface,Turbidity,,NTU,,,Q,Dry,Grab-MassWateR,,,
PB2,Sample-Routine,8/27/2026,12:54,0.15,ft,Surface,Turbidity,14.9,NTU,,,,,Grab-MassWateR,,,
RMC1,Sample-Routine,8/27/2026,12:09,0.15,ft,Surface,Turbidity,3.9,NTU,,,,,Grab-MassWateR,,,
RMC2,Sample-Routine,8/27/2026,12:24,0.15,ft,Surface,Turbidity,7.8,NTU,,,,,Grab-MassWateR,,,
RMC3,Sample-Routine,8/27/2026,13:07,0.15,ft,Surface,Turbidity,0.5,NTU,,,,,Grab-MassWateR,,,
PB1,Sample-Routine,8/27/2026,12:44,0.15,ft,Surface,Alkalinity,37,mg/l,,,,,Grab-MassWateR,,,
PB2,Sample-Routine,8/27/2026,12:54,0.15,ft,Surface,Alkalinity,37,mg/l,,,,,Grab-MassWateR,,,
RMC1,Sample-Routine,8/27/2026,12:09,0.15,ft,Surface,Alkalinity,38,mg/l,,,,,Grab-MassWateR,,,
RMC2,Sample-Routine,8/27/2026,12:24,0.15,ft,Surface,Alkalinity,36,mg/l,,,,,Grab-MassWateR,,,
RMC3,Sample-Routine,8/27/2026,13:07,0.15,ft,Surface,Alkalinity,34,mg/l,,,,,Grab-MassWateR,,,
PB1,Sample-Routine,8/27/2026,12:44,0.15,ft,Surface,Ammonia,0.15,mg/l,,,,,Grab-MassWateR,,,
PB2,Sample-Routine,8/27/2026,12:54,0.15,ft,Surface,Ammonia,0.2,mg/l,,,,,Grab-MassWateR,,,
RMC1,Sample-Routine,8/27/2026,12:09,0.15,ft,Surface,Ammonia,0.13,mg/l,,,,,Grab-MassWateR,,,
RMC2,Sample-Routine,8/27/2026,12:24,0.15,ft,Surface,Ammonia,0.03,mg/l,,,,,Grab-MassWateR,,,
RMC3,Sample-Routine,8/27/2026,13:07,0.15,ft,Surface,Ammonia,0.16,mg/l,,,,,Grab-MassWateR,,,
PB1,Sample-Routine,8/27/2026,12:44,0.15,ft,Surface,Nitrate ,1.8,mg/l,,,,,Grab-MassWateR,,,
PB2,Sample-Routine,8/27/2026,12:54,0.15,ft,Surface,Nitrate ,0.7,mg/l,,,,,Grab-MassWateR,,,
RMC1,Sample-Routine,8/27/2026,12:09,0.15,ft,Surface,Nitrate ,2.5,mg/l,,,,,Grab-MassWateR,,,
RMC2,Sample-Routine,8/27/2026,12:24,0.15,ft,Surface,Nitrate ,0,mg/l,,,,,Grab-MassWateR,,,
RMC3,Sample-Routine,8/27/2026,13:07,0.15,ft,Surface,Nitrate ,0,mg/l,,,,,Grab-MassWateR,,,
PB1,Sample-Routine,8/27/2026,12:44,0.15,ft,Surface,Orthophosphate,0.24,mg/l,,,,,Grab-MassWateR,,,
PB2,Sample-Routine,8/27/2026,12:54,0.15,ft,Surface,Orthophosphate,0.18,mg/l,,,,,Grab-MassWateR,,,
RMC1,Sample-Routine,8/27/2026,12:09,0.15,ft,Surface,Orthophosphate,0.21,mg/l,,,,,Grab-MassWateR,,,
RMC2,Sample-Routine,8/27/2026,12:24,0.15,ft,Surface,Orthophosphate,0,mg/l,,,,,Grab-MassWateR,,,
RMC3,Sample-Routine,8/27/2026,13:07,0.15,ft,Surface,Orthophosphate,0.23,mg/l,,,,,Grab-MassWateR,,,
PB1,Sample-Routine,8/27/2026,12:44,0.15,ft,Surface,Chloride,60,mg/l,,,,,Grab-MassWateR,,,
PB2,Sample-Routine,8/27/2026,12:54,0.15,ft,Surface,Chloride,50,mg/l,,,,,Grab-MassWateR,,,
RMC1,Sample-Routine,8/27/2026,12:09,0.15,ft,Surface,Chloride,90,mg/l,,,,,Grab-MassWateR,,,
RMC2,Sample-Routine,8/27/2026,12:24,0.15,ft,Surface,Chloride,90,mg/l,,,,,Grab-MassWateR,,,
RMC3,Sample-Routine,8/27/2026,13:07,0.15,ft,Surface,Chloride,60,mg/l,,,,,Grab-MassWateR,,,
